Statistic,Value
Average,1485.9757260680199
Standard Deviation,365.4491108667065
Minimum Time,1260.2313997745514
Maximum Time,2032.1880474090576
